"Region Code","Timestamp (Hour Ending)","Total Generation (MWh)","Wind Generation (MWh)","Solar Generation (MWh)","Hydro Generation (MWh)","Other Generation (MWh)","Petroleum Generation (MWh)","Natural gas Generation (MWh)","Coal Generation (MWh)","Nuclear Generation (MWh)"
US48,"2/1/2019 12 a.m. EST",496392,24680,10,34360,9023,4401,149521,167371,104460
US48,"2/1/2019 1 a.m. EST",471287,23800,13,31073,8368,4180,139138,159198,103225
US48,"2/1/2019 2 a.m. EST",460089,23920,6,27337,9461,3415,137001,153941,103062
US48,"2/1/2019 3 a.m. EST",453415,23621,7,26307,9514,3426,134803,151426,102823
US48,"2/1/2019 4 a.m. EST",451717,22857,10,25314,9393,3460,135599,150808,102866
US48,"2/1/2019 5 a.m. EST",456227,21319,5,25748,9570,3876,138767,152485,102846
US48,"2/1/2019 6 a.m. EST",471851,19340,14,30504,9861,4521,147792,155042,102945
US48,"2/1/2019 7 a.m. EST",498056,17546,50,38012,9214,5529,163386,159002,103130
US48,"2/1/2019 8 a.m. EST",517171,16552,346,42399,9369,5682,172958,164362,103165
US48,"2/1/2019 9 a.m. EST",523810,16307,1558,44372,9339,5132,174910,166751,103189
US48,"2/1/2019 10 a.m. EST",518047,16552,3969,42567,9000,4948,171892,164232,103241
US48,"2/1/2019 11 a.m. EST",513050,16024,9960,39381,9822,4085,167862,161234,103255
US48,"2/1/2019 12 p.m. EST",500146,15579,14561,34220,9001,4706,160255,157313,103245
US48,"2/1/2019 1 p.m. EST",487170,15944,15734,31996,8801,4432,154251,151779,103250
US48,"2/1/2019 2 p.m. EST",479048,17966,15009,30584,8672,4433,150560,147754,103343
US48,"2/1/2019 3 p.m. EST",471884,20430,14767,28826,8646,4402,147014,143460,103514
US48,"2/1/2019 4 p.m. EST",468169,22622,13630,29278,8733,4456,145295,139489,103626
US48,"2/1/2019 5 p.m. EST",468778,23923,11630,31175,9634,3582,146536,137340,103663
US48,"2/1/2019 6 p.m. EST",475840,25166,7864,34765,8987,4429,150167,139187,103643
US48,"2/1/2019 7 p.m. EST",483942,27750,3556,37519,8951,4543,153674,142224,103768
US48,"2/1/2019 8 p.m. EST",490887,33106,654,39439,8878,4693,153700,144201,103942
US48,"2/1/2019 9 p.m. EST",488084,38721,355,39816,8947,4498,149063,140373,104027
US48,"2/1/2019 10 p.m. EST",478646,43929,234,38358,9017,4359,140440,135620,104113
US48,"2/1/2019 11 p.m. EST",465381,47439,226,35692,9351,3349,133757,128723,103979
US48,"2/2/2019 12 a.m. EST",457040,46898,42,34065,9454,3443,128603,128551,102917
US48,"2/2/2019 1 a.m. EST",435227,48654,20,31323,7182,4211,120071,116667,104165
US48,"2/2/2019 2 a.m. EST",422699,48252,25,27471,6760,3831,115141,114234,104238
US48,"2/2/2019 3 a.m. EST",415164,49399,26,26499,7671,2789,111276,110674,104203
US48,"2/2/2019 4 a.m. EST",412512,48806,30,25826,7653,2860,110263,110062,104256
US48,"2/2/2019 5 a.m. EST",414528,48676,33,25367,7672,2795,112199,110474,104286
US48,"2/2/2019 6 a.m. EST",421669,48142,32,27722,7595,3006,115619,112404,104309
US48,"2/2/2019 7 a.m. EST",433671,47932,59,31662,7613,3196,121223,115027,104349
US48,"2/2/2019 8 a.m. EST",446468,48510,548,34588,7790,3283,128602,116071,104317
US48,"2/2/2019 9 a.m. EST",454860,48546,1957,35044,6852,4074,131932,119734,104266
US48,"2/2/2019 10 a.m. EST",455781,46750,4076,35306,6892,4181,131302,120875,104311
US48,"2/2/2019 11 a.m. EST",453569,44811,7231,33058,6818,4095,131518,119969,104310
US48,"2/2/2019 12 p.m. EST",446491,44888,9546,32828,6782,3973,126220,116679,104317
US48,"2/2/2019 1 p.m. EST",437196,46821,11203,30649,6692,3959,122899,109964,104260
US48,"2/2/2019 2 p.m. EST",429999,46451,12920,29516,6604,3934,119898,105823,104245
US48,"2/2/2019 3 p.m. EST",423067,44916,10899,29809,6638,4034,119661,102128,104254
US48,"2/2/2019 4 p.m. EST",419097,43683,9568,29033,6635,4028,119964,100933,104262
US48,"2/2/2019 5 p.m. EST",421628,44416,7816,29973,6803,3989,121850,100969,104246
US48,"2/2/2019 6 p.m. EST",429715,44606,5777,31786,7873,3096,126186,104259,104231
US48,"2/2/2019 7 p.m. EST",436756,44254,2941,34410,7780,3331,130002,107539,104219
US48,"2/2/2019 8 p.m. EST",443446,45380,352,35943,6921,4356,131290,112273,104245
US48,"2/2/2019 9 p.m. EST",439981,48470,180,37423,7712,3331,127159,109022,104162
US48,"2/2/2019 10 p.m. EST",433757,50204,79,36361,7856,3447,122474,106904,103971
US48,"2/2/2019 11 p.m. EST",420773,50339,98,34523,7674,3390,115477,102473,104127
US48,"2/3/2019 12 a.m. EST",422995,50051,101,32062,7761,2504,114624,109106,104274
US48,"2/3/2019 1 a.m. EST",393954,52771,97,29205,7502,2297,102697,92896,104143
US48,"2/3/2019 2 a.m. EST",383689,52944,101,26541,7394,2266,98126,90305,103773
US48,"2/3/2019 3 a.m. EST",374894,53146,94,24847,7344,2234,94329,88264,103232
US48,"2/3/2019 4 a.m. EST",370773,53092,101,24250,7300,2140,91656,87713,103067
US48,"2/3/2019 5 a.m. EST",369041,51902,98,23973,7323,2034,91521,87772,103065
US48,"2/3/2019 6 a.m. EST",371871,51005,96,24470,7361,2082,92837,89822,103139
US48,"2/3/2019 7 a.m. EST",378947,50843,124,26808,7567,2224,95783,91732,103018
US48,"2/3/2019 8 a.m. EST",390079,50297,560,29690,7742,2283,101067,94357,103101
US48,"2/3/2019 9 a.m. EST",400795,49815,1477,31799,7806,2284,105791,97664,103048
US48,"2/3/2019 10 a.m. EST",408577,48277,2766,32950,6980,3033,108966,101469,103023
US48,"2/3/2019 11 a.m. EST",412035,46571,7447,33494,7891,2281,108272,101786,103003
US48,"2/3/2019 12 p.m. EST",411291,46480,11517,32326,7710,2250,106319,100783,102937
US48,"2/3/2019 1 p.m. EST",409199,47812,13370,30805,7723,2217,105022,98677,102720
US48,"2/3/2019 2 p.m. EST",407815,48967,13738,29608,7708,2224,105549,96772,102569
US48,"2/3/2019 3 p.m. EST",405271,50056,12991,28584,7707,2207,105496,95221,102494
US48,"2/3/2019 4 p.m. EST",405890,50741,12658,28883,7713,2210,105252,95595,102424
US48,"2/3/2019 5 p.m. EST",412935,51197,11127,30932,7807,2208,110032,96348,102435
US48,"2/3/2019 6 p.m. EST",422640,51148,8912,31979,7927,2207,115856,101379,102454
US48,"2/3/2019 7 p.m. EST",426001,50769,4921,35523,7862,2242,117029,104327,102469
US48,"2/3/2019 8 p.m. EST",425780,49357,689,36980,7891,2280,117585,107566,102461
US48,"2/3/2019 9 p.m. EST",424845,49873,246,38490,7653,2218,117764,105426,102423
US48,"2/3/2019 10 p.m. EST",417463,50206,57,37997,7466,2205,115256,100822,102292
US48,"2/3/2019 11 p.m. EST",408750,50499,56,36955,7454,2202,110985,97125,102219
US48,"2/4/2019 12 a.m. EST",402427,50827,56,33894,7489,2030,107842,96753,102169
US48,"2/4/2019 1 a.m. EST",381003,49647,40,30300,7340,2167,100433,87219,102138
US48,"2/4/2019 2 a.m. EST",368447,48855,46,26936,7278,2056,96176,83165,102019
US48,"2/4/2019 3 a.m. EST",362612,48324,66,24699,7263,2113,95248,81262,101871
US48,"2/4/2019 4 a.m. EST",361310,48218,61,23823,7352,2145,94761,81503,101901
US48,"2/4/2019 5 a.m. EST",368208,46094,48,24122,7444,2207,99641,85191,101948
US48,"2/4/2019 6 a.m. EST",388189,44522,43,28780,7672,2313,109991,91238,102221
US48,"2/4/2019 7 a.m. EST",416829,43582,84,35993,7899,2377,121830,101436,102223
US48,"2/4/2019 8 a.m. EST",438934,43777,507,40230,8308,2625,131047,108889,102173
US48,"2/4/2019 9 a.m. EST",444740,43598,1997,40454,8231,2602,131920,112423,102108
US48,"2/4/2019 10 a.m. EST",444438,41370,4125,39721,8066,2624,132208,112767,102068
US48,"2/4/2019 11 a.m. EST",442373,37518,8342,38522,7859,2701,131978,112042,102077
US48,"2/4/2019 12 p.m. EST",440982,35262,12311,37148,7218,3459,129967,112705,101997
US48,"2/4/2019 1 p.m. EST",438347,34758,14622,35163,7252,3319,128371,112024,101980
US48,"2/4/2019 2 p.m. EST",436663,34566,14254,33909,7211,3369,129712,110916,101859
US48,"2/4/2019 3 p.m. EST",435140,34562,15057,33077,7786,2654,128843,110394,101867
US48,"2/4/2019 4 p.m. EST",432849,34479,13120,33476,7756,2649,129996,108451,101900
US48,"2/4/2019 5 p.m. EST",437781,34923,11496,34859,7899,2722,133970,109110,101675
US48,"2/4/2019 6 p.m. EST",446439,36675,8968,37103,8078,2722,137476,112755,101425
US48,"2/4/2019 7 p.m. EST",455806,37617,4800,40849,8199,2864,142418,116216,101408
US48,"2/4/2019 8 p.m. EST",463718,38635,815,43670,8247,3082,145788,120416,101464
US48,"2/4/2019 9 p.m. EST",461530,40819,358,44531,8271,3239,142325,119134,101453
US48,"2/4/2019 10 p.m. EST",448454,41623,168,41320,7800,3045,135792,115703,101392
US48,"2/4/2019 11 p.m. EST",429054,41303,79,38533,7540,2625,125265,110764,101471
US48,"2/5/2019 12 a.m. EST",409846,41783,79,35340,7401,2620,114750,105281,101538
US48,"2/5/2019 1 a.m. EST",390113,36341,81,30775,7405,2799,108966,101376,101414
US48,"2/5/2019 2 a.m. EST",378156,34527,88,26852,7344,2923,106524,97442,101292
US48,"2/5/2019 3 a.m. EST",372045,32257,93,24880,7369,3013,106109,95734,101368
US48,"2/5/2019 4 a.m. EST",368886,30064,92,22594,7270,3058,106182,97074,101304
US48,"2/5/2019 5 a.m. EST",374574,28019,94,23408,7402,3059,110537,99279,101428
US48,"2/5/2019 6 a.m. EST",392848,25401,95,27761,7529,3078,118791,107396,101468
US48,"2/5/2019 7 a.m. EST",421091,24186,119,34898,7647,3271,131837,116064,101586
US48,"2/5/2019 8 a.m. EST",442094,23861,749,39329,7388,4604,140800,122134,101623
US48,"2/5/2019 9 a.m. EST",451782,23829,2520,38928,7753,5210,145655,124825,101585
US48,"2/5/2019 10 a.m. EST",452659,22675,4841,39653,7690,5452,145602,123938,101524
US48,"2/5/2019 11 a.m. EST",453193,21091,9745,38639,7645,5676,144138,123900,101627
US48,"2/5/2019 12 p.m. EST",451968,19661,13958,36237,7645,5905,141403,124922,101646
US48,"2/5/2019 1 p.m. EST",446720,20967,14842,34046,7696,5700,138179,123188,101673
US48,"2/5/2019 2 p.m. EST",444535,23421,15263,32488,7668,5266,136277,122084,101625
US48,"2/5/2019 3 p.m. EST",442740,25276,14315,31970,7762,5070,136210,119679,101735
US48,"2/5/2019 4 p.m. EST",443396,25912,13507,32209,7895,4963,137971,118082,101962
US48,"2/5/2019 5 p.m. EST",446385,26072,10470,34386,7851,5155,140845,118900,101877
US48,"2/5/2019 6 p.m. EST",455054,24186,6580,37147,7375,5371,148596,122998,101947
US48,"2/5/2019 7 p.m. EST",464863,22063,4273,41569,7234,5670,154540,126459,101904
US48,"2/5/2019 8 p.m. EST",470705,21771,833,43708,7077,6205,159684,128296,101895
US48,"2/5/2019 9 p.m. EST",468094,22541,355,44785,6931,6122,157697,126695,101925
US48,"2/5/2019 10 p.m. EST",454476,23675,85,41451,7677,4834,150322,123342,101965
US48,"2/5/2019 11 p.m. EST",435916,23001,93,38337,7643,4049,142166,117808,101934
US48,"2/6/2019 12 a.m. EST",416345,25206,94,33976,7479,3519,130409,113091,101909
US48,"2/6/2019 1 a.m. EST",394785,24359,93,29803,7008,2892,121525,106485,101873
US48,"2/6/2019 2 a.m. EST",379802,24646,98,24648,6841,2788,116986,101193,101860
US48,"2/6/2019 3 a.m. EST",371896,24535,96,21759,6814,2856,114554,99048,101799
US48,"2/6/2019 4 a.m. EST",367909,24628,76,20507,6848,2861,112630,97988,101936
US48,"2/6/2019 5 a.m. EST",369928,23734,64,20720,6876,2820,114225,98864,102089
US48,"2/6/2019 6 a.m. EST",388149,22568,69,24499,7021,2950,123922,104405,102106
US48,"2/6/2019 7 a.m. EST",416420,22979,70,29891,7185,3323,136505,113389,102142
US48,"2/6/2019 8 a.m. EST",437591,22758,734,36297,7071,3644,144794,119110,102124
US48,"2/6/2019 9 a.m. EST",446833,21559,2469,38052,7233,3984,147715,122561,102097
US48,"2/6/2019 10 a.m. EST",454469,19618,4678,41523,7554,4000,151294,122559,102041
US48,"2/6/2019 11 a.m. EST",456684,19368,11415,40073,7514,3814,148108,123184,102026
US48,"2/6/2019 12 p.m. EST",455379,20188,15581,37646,7583,3875,144099,123390,101937
US48,"2/6/2019 1 p.m. EST",453108,21741,16822,35510,7860,3993,142461,121981,101901
US48,"2/6/2019 2 p.m. EST",451909,23833,16613,33500,7849,4195,141589,121384,101915
US48,"2/6/2019 3 p.m. EST",452313,25892,15499,33031,7823,4206,142396,120661,101915
US48,"2/6/2019 4 p.m. EST",452069,27391,14566,32488,8118,4048,142847,119769,101914
US48,"2/6/2019 5 p.m. EST",457265,28634,13525,34649,7276,4897,145389,120060,101954
US48,"2/6/2019 6 p.m. EST",462795,29361,11051,37460,8107,4087,148911,120984,101969
US48,"2/6/2019 7 p.m. EST",469112,30129,7258,41761,8030,4200,152588,122242,101919
US48,"2/6/2019 8 p.m. EST",474355,30701,1250,42338,7992,4386,159630,124973,101952
US48,"2/6/2019 9 p.m. EST",472707,30564,578,43392,7759,4372,158837,124660,101869
US48,"2/6/2019 10 p.m. EST",459609,31177,164,41067,7647,4111,151502,120903,101891
US48,"2/6/2019 11 p.m. EST",439529,30661,153,37359,7531,3628,142523,114675,101858
US48,"2/7/2019 12 a.m. EST",417322,30092,139,33505,7361,3103,132028,108167,101954
US48,"2/7/2019 1 a.m. EST",398331,31311,138,29514,7361,2618,121880,102835,101891
US48,"2/7/2019 2 a.m. EST",384118,29994,150,25543,7225,2536,117121,98828,101988
US48,"2/7/2019 3 a.m. EST",375180,29774,84,23836,7097,2518,113303,95905,101865
US48,"2/7/2019 4 a.m. EST",370628,29381,23,22875,6948,2523,110803,95433,101837
US48,"2/7/2019 5 a.m. EST",373255,29739,12,22830,7143,2534,111845,96180,101896
US48,"2/7/2019 6 a.m. EST",388119,30048,19,25629,7512,2588,119119,99780,102137
US48,"2/7/2019 7 a.m. EST",416209,29375,36,30818,7444,2961,132333,109735,102044
US48,"2/7/2019 8 a.m. EST",439106,28053,419,35558,7700,3531,143082,117291,102061
US48,"2/7/2019 9 a.m. EST",454510,27760,2019,38967,8213,3814,148138,122246,102058
US48,"2/7/2019 10 a.m. EST",462472,28304,4869,41724,8380,3742,149634,122315,101982
US48,"2/7/2019 11 a.m. EST",468142,28738,12508,41055,8192,3790,147216,123189,101952
US48,"2/7/2019 12 p.m. EST",469149,30401,18353,38508,7302,4799,143160,123335,101891
US48,"2/7/2019 1 p.m. EST",466098,33849,20010,35309,8206,3890,140701,121029,101876
US48,"2/7/2019 2 p.m. EST",464630,35280,19628,33555,8303,3820,140744,120134,101770
US48,"2/7/2019 3 p.m. EST",461770,36741,19471,32979,8318,3747,139815,117380,101745
US48,"2/7/2019 4 p.m. EST",460757,38227,18841,32476,8456,3726,141088,114387,101824
US48,"2/7/2019 5 p.m. EST",463394,39064,16949,34099,8617,3898,144236,112950,101954
US48,"2/7/2019 6 p.m. EST",470407,39974,14167,36303,8677,3983,148208,115527,101999
US48,"2/7/2019 7 p.m. EST",478328,39194,9411,39228,8706,4256,154887,119058,101986
US48,"2/7/2019 8 p.m. EST",486175,39139,1556,43151,8372,4470,162550,123111,101978
US48,"2/7/2019 9 p.m. EST",487025,40349,710,44773,8120,4300,163280,122185,101950
US48,"2/7/2019 10 p.m. EST",475553,40845,161,42195,7720,4137,157282,119313,101956
US48,"2/7/2019 11 p.m. EST",457980,40860,184,39713,7516,3744,147676,114633,102039
US48,"2/8/2019 12 a.m. EST",436467,36059,187,36024,7383,3449,140373,109587,102136
US48,"2/8/2019 1 a.m. EST",423168,40557,195,33168,7055,3364,132571,102584,102128
US48,"2/8/2019 2 a.m. EST",411553,39788,201,28103,6825,3408,129518,100103,102131
US48,"2/8/2019 3 a.m. EST",403357,38737,205,25293,6702,3474,126269,98998,102156
US48,"2/8/2019 4 a.m. EST",402544,37705,90,24727,6729,3471,126054,100119,102109
US48,"2/8/2019 5 a.m. EST",408014,36001,63,23834,6899,3456,131138,103029,102153
US48,"2/8/2019 6 a.m. EST",425354,33645,53,25177,7218,3459,143565,108426,102238
US48,"2/8/2019 7 a.m. EST",455273,31789,77,31129,7694,3610,160543,116558,102249
US48,"2/8/2019 8 a.m. EST",480991,29879,587,36845,8240,4072,174833,122771,102239
US48,"2/8/2019 9 a.m. EST",498431,29241,2013,41990,8249,4517,182249,126148,102266
US48,"2/8/2019 10 a.m. EST",504426,27607,4788,44298,8334,4558,183482,127210,102232
US48,"2/8/2019 11 a.m. EST",504035,25144,12835,41441,8521,4419,180136,127491,102168
US48,"2/8/2019 12 p.m. EST",498659,24176,18227,37579,8583,4612,174708,126822,102171
US48,"2/8/2019 1 p.m. EST",489523,24927,19306,34440,7581,5781,169535,124053,102210
US48,"2/8/2019 2 p.m. EST",483955,26755,19148,32974,7564,5541,165144,123146,102200
US48,"2/8/2019 3 p.m. EST",478634,28840,18665,32578,8563,3963,161171,121085,102282
US48,"2/8/2019 4 p.m. EST",475371,30040,17490,32069,8545,3784,160112,119624,102361
US48,"2/8/2019 5 p.m. EST",479725,30906,15083,35605,8752,3866,162024,119598,102531
US48,"2/8/2019 6 p.m. EST",489219,30963,11946,40145,8510,4047,167110,122678,102631
US48,"2/8/2019 7 p.m. EST",499392,30731,7662,44964,8412,4361,172698,126655,102760
US48,"2/8/2019 8 p.m. EST",507665,31014,1312,46394,8356,4802,181764,129989,102799
US48,"2/8/2019 9 p.m. EST",507141,31639,571,46762,8148,4972,181277,130056,102700
US48,"2/8/2019 10 p.m. EST",498560,32174,234,44560,8140,4721,176098,128568,102662
US48,"2/8/2019 11 p.m. EST",484221,33043,245,40621,7675,4457,168021,126240,102516
US48,"2/9/2019 12 a.m. EST",459040,36383,240,36701,7449,4312,153058,116584,102951
US48,"2/9/2019 1 a.m. EST",455086,33483,247,32422,7186,4079,152798,120625,102863
US48,"2/9/2019 2 a.m. EST",443815,33019,231,28712,7225,3822,148586,117957,102990
US48,"2/9/2019 3 a.m. EST",436308,32529,119,26825,7222,3605,145888,116154,103053
US48,"2/9/2019 4 a.m. EST",433183,32576,107,23726,7184,3576,144853,115723,103100
US48,"2/9/2019 5 a.m. EST",434623,32272,113,24178,7215,3572,145191,116607,103122
US48,"2/9/2019 6 a.m. EST",442408,32000,104,25538,7553,3569,148951,119291,103176
US48,"2/9/2019 7 a.m. EST",457039,33197,143,30705,7905,3595,153847,122293,103156
US48,"2/9/2019 8 a.m. EST",471837,33403,637,36285,8207,3803,158291,126165,103124
US48,"2/9/2019 9 a.m. EST",485152,32772,2008,39225,8376,4108,165109,128749,103171
US48,"2/9/2019 10 a.m. EST",491160,31816,3518,38680,8437,4311,168998,130334,103158
US48,"2/9/2019 11 a.m. EST",491646,31402,8019,37194,8422,4318,167535,129643,103189
US48,"2/9/2019 12 p.m. EST",485720,32730,11956,34617,8407,4396,161370,126937,103188
US48,"2/9/2019 1 p.m. EST",476787,33745,14410,32202,8221,4234,155851,122750,103145
US48,"2/9/2019 2 p.m. EST",466923,34718,14810,30117,8125,3835,150069,120048,103080
US48,"2/9/2019 3 p.m. EST",459253,35768,14712,28716,8089,3613,147338,116079,103198
US48,"2/9/2019 4 p.m. EST",455898,36789,13481,27401,8119,3623,147124,114177,103228
US48,"2/9/2019 5 p.m. EST",459231,38642,11791,27981,8046,3712,149428,114319,103251
US48,"2/9/2019 6 p.m. EST",470342,37882,9792,31124,7957,3910,156504,117542,103235
US48,"2/9/2019 7 p.m. EST",480188,36027,5897,36276,7971,3933,161989,122381,103043
US48,"2/9/2019 8 p.m. EST",489887,35764,1239,40259,7928,4167,166789,127673,102808
US48,"2/9/2019 9 p.m. EST",493012,36182,452,41406,7977,4288,168940,128264,102545
US48,"2/9/2019 10 p.m. EST",486325,36596,90,40059,7717,4196,165060,127063,102248
US48,"2/9/2019 11 p.m. EST",472343,37097,109,37550,7700,3906,158652,121935,102141
US48,"2/10/2019 12 a.m. EST",457062,38011,107,33838,7587,3708,149478,119226,102191
US48,"2/10/2019 1 a.m. EST",444714,34460,102,31036,7288,3549,146243,117427,102083
US48,"2/10/2019 2 a.m. EST",432893,32949,100,27753,7155,3500,142426,114686,102094
US48,"2/10/2019 3 a.m. EST",426858,32188,86,26774,7123,3534,141368,112319,101946
US48,"2/10/2019 4 a.m. EST",422823,31782,87,24672,7043,3448,140535,111655,102058
US48,"2/10/2019 5 a.m. EST",422392,31092,87,24649,7123,3353,140234,112390,102088
US48,"2/10/2019 6 a.m. EST",426024,29932,78,24955,7488,3357,142042,114670,102235
US48,"2/10/2019 7 a.m. EST",434619,29398,118,28995,7758,3433,143989,117577,102242
US48,"2/10/2019 8 a.m. EST",444558,28733,943,32177,7812,3534,147774,120234,102259
US48,"2/10/2019 9 a.m. EST",454346,27724,2457,34219,8391,3514,153059,121387,102218
US48,"2/10/2019 10 a.m. EST",461457,26177,4260,35290,8587,3545,156720,123193,102243
US48,"2/10/2019 11 a.m. EST",463844,22788,9334,34667,8510,3569,156818,124564,102209
US48,"2/10/2019 12 p.m. EST",463058,20704,12813,33708,8460,3516,154421,125860,102208
US48,"2/10/2019 1 p.m. EST",459443,17278,14087,33046,8520,3487,154153,125668,102095
US48,"2/10/2019 2 p.m. EST",457731,16927,14558,31834,8558,3620,151922,127232,102070
US48,"2/10/2019 3 p.m. EST",452980,16534,14150,30357,8462,3613,152343,124720,102034
US48,"2/10/2019 4 p.m. EST",452252,15068,12734,29760,8417,3645,153366,126561,102030
US48,"2/10/2019 5 p.m. EST",457778,15946,10689,30447,8367,3802,157406,128363,102042
US48,"2/10/2019 6 p.m. EST",467506,17186,8910,34951,8406,3933,162056,129276,102125
US48,"2/10/2019 7 p.m. EST",477051,19335,5541,38563,8408,3990,167085,131184,102038
US48,"2/10/2019 8 p.m. EST",483181,20890,1189,42684,8072,4261,169612,133188,102062
US48,"2/10/2019 9 p.m. EST",483751,22920,588,43811,7669,4338,169746,131789,101996
US48,"2/10/2019 10 p.m. EST",471057,24652,220,40890,7542,4314,162675,127624,101834
US48,"2/10/2019 11 p.m. EST",453533,25615,221,37313,7449,3808,152842,123001,101887
US48,"2/11/2019 12 a.m. EST",438573,28324,221,31935,7462,3535,143782,120224,101799
US48,"2/11/2019 1 a.m. EST",417094,27482,202,26400,7256,3421,134107,115044,101997
US48,"2/11/2019 2 a.m. EST",406081,27455,97,23592,7162,3390,128824,112670,102021
US48,"2/11/2019 3 a.m. EST",399533,26608,89,21268,7158,3488,126995,111214,101991
US48,"2/11/2019 4 a.m. EST",397359,26982,78,19542,7071,3492,126799,110668,102029
US48,"2/11/2019 5 a.m. EST",401748,27958,64,19379,7165,3448,128667,112228,102069
US48,"2/11/2019 6 a.m. EST",419229,27101,61,23321,7262,3486,136540,118604,102139
US48,"2/11/2019 7 a.m. EST",446038,26180,66,31593,7353,3745,149798,124222,102154
US48,"2/11/2019 8 a.m. EST",471029,26173,240,40368,7745,3977,159392,130179,102084
US48,"2/11/2019 9 a.m. EST",484064,26496,798,43704,7889,4381,165094,132551,102099
US48,"2/11/2019 10 a.m. EST",489808,27938,2364,45526,7895,4441,165974,132418,102096
US48,"2/11/2019 11 a.m. EST",489614,26294,9554,42823,7894,4428,161954,133344,102067
US48,"2/11/2019 12 p.m. EST",485141,26077,14710,37972,7820,4191,157212,133652,102044
US48,"2/11/2019 1 p.m. EST",479768,27536,16146,35540,7756,3920,153788,131525,102028
US48,"2/11/2019 2 p.m. EST",476345,30496,16005,33981,7778,3994,150295,130422,101989
US48,"2/11/2019 3 p.m. EST",473323,32177,15902,32915,7829,3855,149423,127832,102005
US48,"2/11/2019 4 p.m. EST",472618,33523,15561,32626,7809,3894,149637,126462,102001
US48,"2/11/2019 5 p.m. EST",475851,34711,14977,33170,7732,3952,153668,124496,101993
US48,"2/11/2019 6 p.m. EST",483508,35637,13615,36481,7642,4306,157406,125225,102006
US48,"2/11/2019 7 p.m. EST",490841,38238,9845,39171,7534,4353,161964,126385,101958
US48,"2/11/2019 8 p.m. EST",494832,40774,2136,41238,7824,4637,166511,128134,101966
US48,"2/11/2019 9 p.m. EST",491845,40788,373,43161,7739,4409,163745,127879,101941
US48,"2/11/2019 10 p.m. EST",479164,42193,330,42445,7723,4476,155403,122736,101990
US48,"2/11/2019 11 p.m. EST",457684,42893,332,39633,7537,3916,143562,116406,101850
US48,"2/12/2019 12 a.m. EST",436025,39835,171,35009,7534,3533,135730,110553,101975
US48,"2/12/2019 1 a.m. EST",419484,43364,125,30615,7430,3422,127559,103229,101885
US48,"2/12/2019 2 a.m. EST",403611,42387,41,25939,7290,3249,123545,97532,101910
US48,"2/12/2019 3 a.m. EST",394644,41544,40,22609,7325,3278,121832,94468,102042
US48,"2/12/2019 4 a.m. EST",391360,40606,45,21742,7253,3290,121554,93418,102054
US48,"2/12/2019 5 a.m. EST",396703,40573,41,21377,7255,3249,126535,94236,102100
US48,"2/12/2019 6 a.m. EST",413206,40505,43,24157,7422,3346,135070,99142,102118
US48,"2/12/2019 7 a.m. EST",440014,42019,63,29326,7745,3382,147178,106882,102113
US48,"2/12/2019 8 a.m. EST",462966,41233,250,35211,7942,3440,158001,113460,102092
US48,"2/12/2019 9 a.m. EST",477520,40240,794,37447,8565,3598,163209,120126,102031
US48,"2/12/2019 10 a.m. EST",484121,37613,3165,40388,8553,3382,165538,121658,102046
US48,"2/12/2019 11 a.m. EST",485611,33961,10066,38193,8645,3510,164858,122480,102019
US48,"2/12/2019 12 p.m. EST",484751,33859,14278,34690,7516,4274,163737,122345,102006
US48,"2/12/2019 1 p.m. EST",482357,34494,15587,32949,8452,3437,162460,121005,101981
US48,"2/12/2019 2 p.m. EST",480345,34472,15761,32910,8492,3454,161002,120673,101890
US48,"2/12/2019 3 p.m. EST",476146,34204,15078,33004,8532,3577,159186,118964,101942
US48,"2/12/2019 4 p.m. EST",473217,34284,14098,32557,8636,3362,159450,117624,101946
US48,"2/12/2019 5 p.m. EST",476119,33777,11794,35230,8637,3423,162270,117294,101971
US48,"2/12/2019 6 p.m. EST",481388,32136,7919,38720,7612,4599,167766,118988,102047
US48,"2/12/2019 7 p.m. EST",489418,31567,4429,41698,7633,4757,173360,122422,101992
US48,"2/12/2019 8 p.m. EST",495536,32831,1005,44664,7579,5077,174531,126152,101960
US48,"2/12/2019 9 p.m. EST",495484,38056,184,44806,7482,5133,169991,126065,101990
US48,"2/12/2019 10 p.m. EST",483431,44289,166,43203,8124,3799,160521,119924,101987
US48,"2/12/2019 11 p.m. EST",465562,49130,45,39461,7783,3478,150503,111748,101984
US48,"2/13/2019 12 a.m. EST",444855,49335,43,34296,7741,3298,143248,103496,101853
US48,"2/13/2019 1 a.m. EST",429885,52385,62,30270,7508,3084,133715,99575,102052
US48,"2/13/2019 2 a.m. EST",417400,52916,49,27061,7298,3164,127061,96635,102064
US48,"2/13/2019 3 a.m. EST",412265,53611,35,24878,7025,3258,125780,94338,102110
US48,"2/13/2019 4 a.m. EST",411392,53297,51,23303,7168,3240,125093,95779,102096
US48,"2/13/2019 5 a.m. EST",415979,52172,63,23559,7326,3177,126912,98870,102126
US48,"2/13/2019 6 a.m. EST",436557,51634,61,27112,7636,3299,136727,105907,102176
US48,"2/13/2019 7 a.m. EST",466321,50944,75,34558,8030,3889,150218,114849,102188
US48,"2/13/2019 8 a.m. EST",490533,49142,607,39242,8081,4556,163210,122092,102126
US48,"2/13/2019 9 a.m. EST",496966,48189,2275,40070,8391,4796,165165,124397,102095
US48,"2/13/2019 10 a.m. EST",495426,47655,4233,41363,8826,4468,165338,120148,102081
US48,"2/13/2019 11 a.m. EST",488809,47911,6903,38573,9066,4189,160253,118783,102047
US48,"2/13/2019 12 p.m. EST",478038,48663,9031,34281,9078,3609,154414,115622,101945
US48,"2/13/2019 1 p.m. EST",468506,48560,10524,32881,9084,3510,147628,112846,102014
US48,"2/13/2019 2 p.m. EST",461462,48553,10591,31150,9013,3540,144194,110777,101989
US48,"2/13/2019 3 p.m. EST",455073,48371,10763,29868,8953,3486,141975,108036,102008
US48,"2/13/2019 4 p.m. EST",451326,49269,9177,23939,7952,4301,141851,105217,101996
US48,"2/13/2019 5 p.m. EST",454012,50688,6997,32746,8005,4562,142477,104908,102053
US48,"2/13/2019 6 p.m. EST",467549,51866,4350,39297,7953,4409,148071,108182,102041
US48,"2/13/2019 7 p.m. EST",477205,52092,2104,41058,7910,4731,155247,110778,102011
US48,"2/13/2019 8 p.m. EST",489452,53841,406,43630,7748,4421,160530,115407,101972
US48,"2/13/2019 9 p.m. EST",492408,57750,118,44118,8203,4184,159792,114821,101980
US48,"2/13/2019 10 p.m. EST",483924,59986,71,43449,7943,3700,153020,112244,102000
US48,"2/13/2019 11 p.m. EST",466385,60708,63,40159,7321,3292,144425,106856,101994
US48,"2/14/2019 12 a.m. EST",446336,60727,79,35310,7079,3186,134006,102147,102045
US48,"2/14/2019 1 a.m. EST",429556,58056,80,30730,7242,3218,128792,97529,102036
US48,"2/14/2019 2 a.m. EST",417736,56774,71,26653,7223,3158,125289,94604,102058
US48,"2/14/2019 3 a.m. EST",411798,55652,62,24695,7277,3230,123845,93236,102034
US48,"2/14/2019 4 a.m. EST",409903,54875,64,24060,7257,3218,123294,93268,102067
US48,"2/14/2019 5 a.m. EST",414566,54148,43,23944,7268,3238,127261,94927,102100
US48,"2/14/2019 6 a.m. EST",434095,53949,27,28268,7380,3291,137308,100284,102107
US48,"2/14/2019 7 a.m. EST",466433,54119,83,36902,7683,3588,152743,107834,102124
US48,"2/14/2019 8 a.m. EST",486657,54466,1061,40199,7894,4545,161875,112998,102121
US48,"2/14/2019 9 a.m. EST",487137,54667,3367,40478,7891,4258,158007,114808,102097
US48,"2/14/2019 10 a.m. EST",480784,52568,5500,41206,8066,3510,153012,113312,102015
US48,"2/14/2019 11 a.m. EST",470953,47533,7592,39455,7655,3362,148838,113079,101953
US48,"2/14/2019 12 p.m. EST",460368,45058,8872,37167,7477,3270,142334,112474,101906
US48,"2/14/2019 1 p.m. EST",452226,46750,9762,35838,7406,3341,137692,107895,101863
US48,"2/14/2019 2 p.m. EST",446884,46550,10809,33835,7481,3018,136163,105618,101877
US48,"2/14/2019 3 p.m. EST",441393,45404,10006,32745,7307,3137,134707,104762,101833
US48,"2/14/2019 4 p.m. EST",440031,43780,8572,32575,6623,4022,137939,103253,101842
US48,"2/14/2019 5 p.m. EST",441577,44084,6951,33857,6423,4160,140217,102775,101733
US48,"2/14/2019 6 p.m. EST",451302,44676,4905,35977,7395,3288,145199,106601,101798
US48,"2/14/2019 7 p.m. EST",458555,44111,2733,39357,7660,3566,149084,108733,101758
US48,"2/14/2019 8 p.m. EST",466469,46575,717,41857,7648,3544,152110,110568,101762
US48,"2/14/2019 9 p.m. EST",465475,50088,460,43344,7499,3545,150159,107369,101818
US48,"2/14/2019 10 p.m. EST",455881,51052,99,42926,7422,3569,144112,103517,101730
US48,"2/14/2019 11 p.m. EST",438817,50603,98,38699,7341,3436,136719,98576,101726
US48,"2/15/2019 12 a.m. EST",427083,48505,99,34869,7368,3399,131023,98253,101823
US48,"2/15/2019 1 a.m. EST",402406,49157,94,30760,7428,3137,117003,91250,101645
US48,"2/15/2019 2 a.m. EST",388349,49312,98,26927,7420,2987,110290,87992,101612
US48,"2/15/2019 3 a.m. EST",382570,50002,97,25192,7403,2983,108353,85581,101624
US48,"2/15/2019 4 a.m. EST",380851,48167,90,24564,7367,2885,108964,86355,101626
US48,"2/15/2019 5 a.m. EST",382443,46613,69,24442,7409,3046,111145,87340,101689
US48,"2/15/2019 6 a.m. EST",396106,45100,55,25888,7668,3038,120015,92068,101737
US48,"2/15/2019 7 a.m. EST",424214,43134,77,32459,7815,3225,132632,102429,101837
US48,"2/15/2019 8 a.m. EST",445415,41534,599,37891,7917,3410,140185,111467,101820
US48,"2/15/2019 9 a.m. EST",455044,39560,2219,39297,7849,3499,143572,116504,101816
US48,"2/15/2019 10 a.m. EST",459397,36913,4287,41795,7722,3533,144542,118049,101793
US48,"2/15/2019 11 a.m. EST",460733,36639,8633,40922,7573,3496,142803,118204,101760
US48,"2/15/2019 12 p.m. EST",456864,39094,11821,37986,6595,4486,138812,115670,101759
US48,"2/15/2019 1 p.m. EST",452457,41279,13839,35810,6582,4455,135611,112569,101698
US48,"2/15/2019 2 p.m. EST",449068,41060,13845,33456,6652,4453,135834,111522,101656
US48,"2/15/2019 3 p.m. EST",446967,39428,13890,33022,6710,4384,136197,111272,101632
US48,"2/15/2019 4 p.m. EST",444327,36677,12210,32555,6819,4388,137905,111757,101630
US48,"2/15/2019 5 p.m. EST",446991,35019,10867,33554,6838,4417,140097,114136,101681
US48,"2/15/2019 6 p.m. EST",453848,34299,7450,37114,6896,4399,145413,116159,101684
US48,"2/15/2019 7 p.m. EST",458328,35353,4476,39909,6961,4447,147349,117605,101655
US48,"2/15/2019 8 p.m. EST",462202,35188,919,41395,6936,4391,151852,119181,101620
US48,"2/15/2019 9 p.m. EST",459465,36139,266,41793,7877,3394,150034,117680,101641
US48,"2/15/2019 10 p.m. EST",449909,33136,84,41705,7665,3386,146828,114495,101653
US48,"2/15/2019 11 p.m. EST",435549,29376,89,38807,7572,3200,142266,111349,101706
US48,"2/16/2019 12 a.m. EST",421643,31335,98,34428,7317,3150,135110,107095,101709
US48,"2/16/2019 1 a.m. EST",404475,22301,97,30980,7431,3152,128908,108622,101607
US48,"2/16/2019 2 a.m. EST",392252,21472,90,26311,6570,3980,124122,106760,101620
US48,"2/16/2019 3 a.m. EST",383674,18494,79,24606,6585,3960,121060,105859,101634
US48,"2/16/2019 4 a.m. EST",380905,17690,68,23707,6502,3864,119238,107059,101545
US48,"2/16/2019 5 a.m. EST",382256,18227,83,22817,7309,3041,120404,107411,101672
US48,"2/16/2019 6 a.m. EST",387738,19206,86,22863,7443,3088,122888,109190,101725
US48,"2/16/2019 7 a.m. EST",400582,19223,89,25333,7592,3263,128384,113465,101739
US48,"2/16/2019 8 a.m. EST",414679,19277,390,29637,7744,3384,134241,116605,101830
US48,"2/16/2019 9 a.m. EST",429958,18617,1175,33688,7769,3502,140722,121147,101801
US48,"2/16/2019 10 a.m. EST",442322,17430,3283,37739,7946,3457,144410,124554,101839
US48,"2/16/2019 11 a.m. EST",449630,15973,9720,37946,8343,3855,144096,126098,101837
US48,"2/16/2019 12 p.m. EST",448572,15784,14495,36914,8299,3983,140237,125517,101682
US48,"2/16/2019 1 p.m. EST",441510,17404,16480,35696,8265,3775,136938,119692,101661
US48,"2/16/2019 2 p.m. EST",435087,20007,15014,34126,8358,3682,133610,116777,101665
US48,"2/16/2019 3 p.m. EST",430575,23293,14425,33200,8517,3494,130548,113517,101651
US48,"2/16/2019 4 p.m. EST",429371,27112,14019,31656,8498,3383,129295,112246,101686
US48,"2/16/2019 5 p.m. EST",433758,29928,13308,32716,8628,3372,130802,111850,101757
US48,"2/16/2019 6 p.m. EST",443273,33120,11923,34440,8698,3363,134248,114372,101854
US48,"2/16/2019 7 p.m. EST",452464,35275,8458,37958,8545,3386,138527,116991,101899
US48,"2/16/2019 8 p.m. EST",458102,36255,1834,39445,8380,3470,143184,122073,101904
US48,"2/16/2019 9 p.m. EST",460643,36513,719,41120,8113,3371,145995,121929,101914
US48,"2/16/2019 10 p.m. EST",453620,35559,162,39908,8027,3201,144011,119275,101835
US48,"2/16/2019 11 p.m. EST",439889,34600,158,36739,7735,3149,138605,115489,101750
US48,"2/17/2019 12 a.m. EST",418927,32333,112,34005,7619,3036,128420,110224,101764
US48,"2/17/2019 1 a.m. EST",410641,34920,7,30948,7721,3002,122741,108088,101835
US48,"2/17/2019 2 a.m. EST",398742,33813,19,26904,7651,3139,118805,105181,101884
US48,"2/17/2019 3 a.m. EST",391070,31944,3,25277,7612,3133,116590,103217,101904
US48,"2/17/2019 4 a.m. EST",386897,29892,3,24748,7620,3155,115842,102333,101926
US48,"2/17/2019 5 a.m. EST",385734,28009,2,24063,7577,3155,116524,103054,101945
US48,"2/17/2019 6 a.m. EST",391394,26556,8,24890,7700,3187,121397,104264,101946
US48,"2/17/2019 7 a.m. EST",398754,25817,88,27287,7782,3396,123961,107015,101927
US48,"2/17/2019 8 a.m. EST",408367,26391,571,30516,7827,3502,127683,108223,101948
US48,"2/17/2019 9 a.m. EST",419754,25647,1739,33548,8243,3482,133061,110319,101882
US48,"2/17/2019 10 a.m. EST",431533,24263,4394,36798,8981,3377,135719,114232,101872
US48,"2/17/2019 11 a.m. EST",438604,22773,9963,36561,8849,3317,135607,117688,101845
US48,"2/17/2019 12 p.m. EST",441868,22931,13950,36530,8781,3169,135029,117928,101865
US48,"2/17/2019 1 p.m. EST",439776,23280,15034,34975,8169,3919,134690,116510,101805
US48,"2/17/2019 2 p.m. EST",436485,22844,14929,33753,8806,3212,134812,115204,101800
US48,"2/17/2019 3 p.m. EST",435049,22124,14207,32904,8822,3262,135822,115054,101812
US48,"2/17/2019 4 p.m. EST",436520,23923,12937,32739,8646,3253,138117,114097,101850
US48,"2/17/2019 5 p.m. EST",440473,26042,11247,33183,8589,3248,141268,113994,101849
US48,"2/17/2019 6 p.m. EST",451463,27010,10750,36131,8681,3227,145212,117542,101710
US48,"2/17/2019 7 p.m. EST",457993,28162,7110,38333,8772,3370,149036,120428,101367
US48,"2/17/2019 8 p.m. EST",465013,30346,1478,40228,8426,3497,155048,123366,101260
US48,"2/17/2019 9 p.m. EST",468003,33862,539,42230,8001,3446,156914,120861,101162
US48,"2/17/2019 10 p.m. EST",457970,37155,60,40619,7817,3415,150892,115934,100730
US48,"2/17/2019 11 p.m. EST",443989,39384,51,37180,7699,3230,143189,111541,100408
US48,"2/18/2019 12 a.m. EST",430317,44673,54,33608,7544,3135,135200,103200,101835
US48,"2/18/2019 1 a.m. EST",412045,39959,14,29243,7633,3133,130824,100351,100071
US48,"2/18/2019 2 a.m. EST",402565,39157,25,25318,7510,3144,128166,98592,100085
US48,"2/18/2019 3 a.m. EST",396504,39008,57,23236,7405,3179,125398,97738,100039
US48,"2/18/2019 4 a.m. EST",396875,37718,67,22765,7532,3149,125865,99101,100056
US48,"2/18/2019 5 a.m. EST",401849,37533,45,22306,7527,3228,128885,101301,100056
US48,"2/18/2019 6 a.m. EST",417369,36202,19,24654,7823,3304,138150,105514,100160
US48,"2/18/2019 7 a.m. EST",443285,33930,37,31202,8001,3443,150201,114529,100155
US48,"2/18/2019 8 a.m. EST",468682,32362,249,37291,7945,3787,160912,123952,100185
US48,"2/18/2019 9 a.m. EST",485066,31225,1030,41277,8355,3954,167126,129659,100199
US48,"2/18/2019 10 a.m. EST",492327,30314,3536,40742,8635,4000,170806,131744,100146
US48,"2/18/2019 11 a.m. EST",496489,27644,10955,38730,8989,4217,171851,131905,100104
US48,"2/18/2019 12 p.m. EST",491978,23527,16281,35897,9153,4193,168589,132317,100091
US48,"2/18/2019 1 p.m. EST",489433,20202,18451,36012,9090,4133,168497,131354,100041
US48,"2/18/2019 2 p.m. EST",480522,18536,18709,30480,9175,4088,167454,130629,100021
US48,"2/18/2019 3 p.m. EST",475448,18110,17943,28609,9114,3885,166161,130497,99995
US48,"2/18/2019 4 p.m. EST",472858,18828,16319,27565,8907,3776,166413,130124,100068
US48,"2/18/2019 5 p.m. EST",475269,20018,13917,30074,9070,3799,169619,127898,100081
US48,"2/18/2019 6 p.m. EST",486475,22077,11277,34233,9138,3937,173402,131159,100128
US48,"2/18/2019 7 p.m. EST",498095,24176,7547,40977,8827,4068,178794,132367,100049
US48,"2/18/2019 8 p.m. EST",508016,24375,1959,44847,8742,4623,186047,136009,100046
US48,"2/18/2019 9 p.m. EST",510803,23999,1060,46833,8448,4663,187688,137755,100053
US48,"2/18/2019 10 p.m. EST",497374,25154,35,42467,8220,4395,180134,135662,100043
US48,"2/18/2019 11 p.m. EST",480129,25367,36,39395,8117,3839,169986,132208,100042
US48,"2/19/2019 12 a.m. EST",454101,25746,15,35261,8010,3603,158024,122553,100041
US48,"2/19/2019 1 a.m. EST",443916,24590,-1,30783,8089,3314,153478,122726,99789
US48,"2/19/2019 2 a.m. EST",432447,22845,2,27032,8052,3198,150350,120073,99787
US48,"2/19/2019 3 a.m. EST",427555,21679,1,24569,7989,3203,149305,119999,99766
US48,"2/19/2019 4 a.m. EST",427465,20674,1,23874,7948,3187,150419,120644,99777
US48,"2/19/2019 5 a.m. EST",432567,19622,1,25032,8012,3226,152996,122994,99787
US48,"2/19/2019 6 a.m. EST",450409,19270,1,29925,8307,3428,163242,125510,99838
US48,"2/19/2019 7 a.m. EST",480705,19167,61,37554,8545,3916,179545,131200,99842
US48,"2/19/2019 8 a.m. EST",503184,18682,734,42176,8557,4458,192627,135083,99824
US48,"2/19/2019 9 a.m. EST",510565,18746,1691,42974,8702,4957,197066,135590,99807
US48,"2/19/2019 10 a.m. EST",514252,19070,3941,42879,8958,4794,196746,136830,99780
US48,"2/19/2019 11 a.m. EST",510773,18725,11231,40149,8848,4094,190510,136211,99833
US48,"2/19/2019 12 p.m. EST",507942,17383,15840,36024,8819,4183,188265,136207,100024
US48,"2/19/2019 1 p.m. EST",502679,15585,17631,33247,8774,4148,187820,134374,100020
US48,"2/19/2019 2 p.m. EST",497876,13446,17174,30861,8640,4086,188854,133877,99714
US48,"2/19/2019 3 p.m. EST",496335,12104,16617,29759,8637,4056,190270,134239,99323
US48,"2/19/2019 4 p.m. EST",495653,12108,16139,29764,7793,5104,190449,133768,99106
US48,"2/19/2019 5 p.m. EST",501551,13567,15408,31848,8747,4032,194234,132915,99118
US48,"2/19/2019 6 p.m. EST",512646,14698,13591,35890,7889,5285,199227,135010,99164
US48,"2/19/2019 7 p.m. EST",521411,16877,10334,41405,7903,5188,202426,136211,99145
US48,"2/19/2019 8 p.m. EST",525843,19734,2881,43438,7740,5196,208339,137335,99166
US48,"2/19/2019 9 p.m. EST",523446,22549,482,43823,8323,3999,207694,135487,99105
US48,"2/19/2019 10 p.m. EST",513019,24326,443,41637,8244,3681,200264,133607,99073
US48,"2/19/2019 11 p.m. EST",492846,26683,277,38248,8102,3306,186090,128990,99069
US48,"2/20/2019 12 a.m. EST",470864,26062,274,34587,8041,3162,172450,125154,99152
US48,"2/20/2019 1 a.m. EST",451831,30236,263,29425,7992,3290,160920,118674,99079
US48,"2/20/2019 2 a.m. EST",437282,32728,209,24770,7916,3322,153712,113755,99054
US48,"2/20/2019 3 a.m. EST",427950,35880,100,22589,7929,3247,147533,109846,99021
US48,"2/20/2019 4 a.m. EST",426319,38048,96,22268,7955,3272,145648,108095,99068
US48,"2/20/2019 5 a.m. EST",430460,38383,29,22998,8061,3303,147376,109264,99098
US48,"2/20/2019 6 a.m. EST",446212,39692,11,26842,8140,3341,153121,113934,99134
US48,"2/20/2019 7 a.m. EST",471387,37601,44,34368,7215,4294,165176,121589,99066
US48,"2/20/2019 8 a.m. EST",494002,34776,207,41360,7343,4822,175885,128773,99064
US48,"2/20/2019 9 a.m. EST",508534,34773,654,45331,7670,5121,181836,132179,99055
US48,"2/20/2019 10 a.m. EST",513317,34000,2949,46549,7829,5447,182565,133218,99040
US48,"2/20/2019 11 a.m. EST",514634,31287,9444,44631,7700,5541,182229,133132,99041
US48,"2/20/2019 12 p.m. EST",508265,31246,11274,40664,8328,4137,180005,131615,99057
US48,"2/20/2019 1 p.m. EST",501045,29980,13911,36343,7041,4826,178586,129455,99038
US48,"2/20/2019 2 p.m. EST",494138,29864,14972,32662,6993,4555,175740,128213,99037
US48,"2/20/2019 3 p.m. EST",488337,31507,14378,30941,7003,4342,172664,126217,99040
US48,"2/20/2019 4 p.m. EST",484112,32068,11758,32032,7082,4209,172263,123497,98988
US48,"2/20/2019 5 p.m. EST",485924,32206,9159,34921,7155,4230,174778,122512,98997
US48,"2/20/2019 6 p.m. EST",492117,32506,6960,38007,7273,4320,177971,124236,99022
US48,"2/20/2019 7 p.m. EST",496164,33356,4695,39108,7295,4338,181307,125391,98997
US48,"2/20/2019 8 p.m. EST",501376,33851,1212,41210,7129,4527,184208,128494,98986
US48,"2/20/2019 9 p.m. EST",499958,36915,626,42948,8265,3495,180612,126576,98958
US48,"2/20/2019 10 p.m. EST",489249,40400,258,41400,8337,3262,173990,120668,98988
US48,"2/20/2019 11 p.m. EST",470171,43407,231,38826,8165,3115,162253,113210,98962
US48,"2/21/2019 12 a.m. EST",453537,42647,220,34252,8021,3283,153391,110635,98989
US48,"2/21/2019 1 a.m. EST",431789,44977,128,30502,7898,3071,141166,102844,98991
US48,"2/21/2019 2 a.m. EST",420148,45230,41,27936,7805,3002,136433,98664,98986
US48,"2/21/2019 3 a.m. EST",411571,44624,37,25424,7794,2945,132355,97463,98949
US48,"2/21/2019 4 a.m. EST",407659,45381,42,23448,7743,2961,130446,96901,98980
US48,"2/21/2019 5 a.m. EST",411009,44558,69,23300,7844,3016,132474,99190,98982
US48,"2/21/2019 6 a.m. EST",427752,43170,44,27014,7912,3038,139818,106224,98990
US48,"2/21/2019 7 a.m. EST",452605,41792,60,34131,7977,3269,150158,114444,99006
US48,"2/21/2019 8 a.m. EST",475083,40135,318,39665,8004,3687,159541,123335,99023
US48,"2/21/2019 9 a.m. EST",484912,38999,1127,43144,7610,3791,163036,126741,98993
US48,"2/21/2019 10 a.m. EST",486028,37212,2514,44297,7501,3702,164817,125463,98860
US48,"2/21/2019 11 a.m. EST",485687,35145,5470,41991,7540,3660,167107,124232,98882
US48,"2/21/2019 12 p.m. EST",478803,35430,8866,38448,7610,3649,163610,120465,98858
US48,"2/21/2019 1 p.m. EST",470619,37193,11721,35340,7824,3622,158052,116319,98823
US48,"2/21/2019 2 p.m. EST",464591,37876,11967,32912,7681,3610,156336,113840,98850
US48,"2/21/2019 3 p.m. EST",460209,37354,12138,31945,7734,3581,154494,112835,98766
US48,"2/21/2019 4 p.m. EST",459281,36841,12707,31548,8066,3535,154367,112143,98810
US48,"2/21/2019 5 p.m. EST",461558,36398,11060,32729,8081,3544,155696,114113,98782
US48,"2/21/2019 6 p.m. EST",470420,35683,7637,36218,8203,3673,161250,117976,98809
US48,"2/21/2019 7 p.m. EST",479497,35548,4855,38916,8394,3963,165485,122662,98813
US48,"2/21/2019 8 p.m. EST",486487,34289,1312,42665,8593,4265,169382,126253,98786
US48,"2/21/2019 9 p.m. EST",486603,34435,828,42406,8753,3991,170147,127008,98773
US48,"2/21/2019 10 p.m. EST",475123,34580,28,40724,8609,3792,164153,123111,98809
US48,"2/21/2019 11 p.m. EST",455811,34300,25,38712,8456,3461,154351,116471,98794
US48,"2/22/2019 12 a.m. EST",443451,36129,18,35921,8243,2938,145644,114229,98876
US48,"2/22/2019 1 a.m. EST",419069,31379,13,32174,7949,2944,137424,107037,98845
US48,"2/22/2019 2 a.m. EST",404669,30635,14,29436,7784,2756,131832,102041,98768
US48,"2/22/2019 3 a.m. EST",397049,26992,6,28101,7697,2756,129893,101326,98802
US48,"2/22/2019 4 a.m. EST",393056,24005,9,27428,7671,2761,129372,101579,98841
US48,"2/22/2019 5 a.m. EST",397019,22043,11,27364,7683,2804,133236,103512,98853
US48,"2/22/2019 6 a.m. EST",413940,20290,7,30259,7881,2980,143329,108525,98902
US48,"2/22/2019 7 a.m. EST",439527,17522,29,35830,8129,3284,156848,117154,98889
US48,"2/22/2019 8 a.m. EST",461725,17062,363,40693,8111,3645,167910,123289,98915
US48,"2/22/2019 9 a.m. EST",473373,17359,1313,44013,8085,3709,172969,125204,98904
US48,"2/22/2019 10 a.m. EST",479430,17542,3925,45554,8026,3642,173884,126179,98850
US48,"2/22/2019 11 a.m. EST",481631,16755,10762,43196,7163,4847,171526,126743,98842
US48,"2/22/2019 12 p.m. EST",478973,15618,15367,40918,7303,5034,167771,126198,98838
US48,"2/22/2019 1 p.m. EST",474227,15355,16531,37672,8300,3631,167062,124915,98839
US48,"2/22/2019 2 p.m. EST",469798,15049,17269,35181,8454,3484,165550,124230,98815
US48,"2/22/2019 3 p.m. EST",465201,14929,16775,34457,8489,3410,164035,122666,98753
US48,"2/22/2019 4 p.m. EST",464127,16516,16709,33931,8684,3327,164232,120412,98798
US48,"2/22/2019 5 p.m. EST",463973,19345,15694,35021,8664,3181,164359,117622,98750
US48,"2/22/2019 6 p.m. EST",469398,22642,13378,36760,8672,3147,165659,118792,98804
US48,"2/22/2019 7 p.m. EST",472881,27107,9482,39748,8696,3144,164976,119278,98763
US48,"2/22/2019 8 p.m. EST",475469,30826,2957,42512,8797,3206,167027,119487,98752
US48,"2/22/2019 9 p.m. EST",474248,33920,204,43195,8814,3182,165145,118953,98781
US48,"2/22/2019 10 p.m. EST",463601,35680,163,41599,8699,3156,156750,116779,98582
US48,"2/22/2019 11 p.m. EST",448442,36394,140,39402,8612,3053,147817,112518,98270
US48,"2/23/2019 12 a.m. EST",430864,32314,135,36381,8194,3082,140181,110025,98262
US48,"2/23/2019 1 a.m. EST",414443,35547,134,33619,8104,2875,129983,103849,98091
US48,"2/23/2019 2 a.m. EST",400586,33952,120,30067,7885,2912,124144,101336,98032
US48,"2/23/2019 3 a.m. EST",391437,33376,123,29078,7843,2906,119468,98468,98062
US48,"2/23/2019 4 a.m. EST",386836,33020,69,28403,7708,2908,117732,96822,98095
US48,"2/23/2019 5 a.m. EST",386157,33799,16,27966,7740,2947,117300,96340,98081
US48,"2/23/2019 6 a.m. EST",391377,35037,17,28571,7738,2987,119845,97420,97865
US48,"2/23/2019 7 a.m. EST",401068,36145,43,30259,7762,3005,124173,100050,97887
US48,"2/23/2019 8 a.m. EST",414888,37793,278,33702,7859,2962,128697,103907,97901
US48,"2/23/2019 9 a.m. EST",428655,38887,849,38039,7987,3130,135056,107326,97844
US48,"2/23/2019 10 a.m. EST",442739,39765,4073,38350,8091,3571,138394,110582,97844
US48,"2/23/2019 11 a.m. EST",449087,40334,12080,37993,8035,3846,136275,110604,97800
US48,"2/23/2019 12 p.m. EST",450221,39856,16280,37271,8115,3835,134168,110605,97933
US48,"2/23/2019 1 p.m. EST",448451,39979,17961,35472,8505,3861,132941,109559,98019
US48,"2/23/2019 2 p.m. EST",443305,41569,17810,33853,8288,3670,131196,106746,98071
US48,"2/23/2019 3 p.m. EST",439251,44347,17551,32401,8283,3408,130629,102544,98113
US48,"2/23/2019 4 p.m. EST",435539,47553,17237,31552,8264,3511,129995,97378,98140
US48,"2/23/2019 5 p.m. EST",435487,49582,15237,32791,8499,3517,131329,95708,96814
US48,"2/23/2019 6 p.m. EST",441269,51749,11865,34811,8377,3582,135425,96588,96749
US48,"2/23/2019 7 p.m. EST",445720,52242,8494,37063,8305,3640,138482,98672,96770
US48,"2/23/2019 8 p.m. EST",448465,50019,2273,38619,8174,3736,143920,102855,96715
US48,"2/23/2019 9 p.m. EST",448580,49302,360,39241,8112,3794,145202,103675,96744
US48,"2/23/2019 10 p.m. EST",440110,48717,293,39171,7912,3628,140275,101288,96725
US48,"2/23/2019 11 p.m. EST",427252,48235,302,37861,7858,3249,132833,98571,96377
US48,"2/24/2019 12 a.m. EST",413567,46749,298,34098,7950,3018,128305,94626,96356
US48,"2/24/2019 1 a.m. EST",399459,45951,296,31830,7522,3011,121821,90896,96007
US48,"2/24/2019 2 a.m. EST",387481,44406,147,29576,7409,3026,117361,87309,96044
US48,"2/24/2019 3 a.m. EST",381740,43520,130,28146,7374,2867,116225,85297,96009
US48,"2/24/2019 4 a.m. EST",376308,43314,117,25633,7407,2832,114476,84605,96012
US48,"2/24/2019 5 a.m. EST",375353,42266,45,24676,7450,2799,115406,84610,96186
US48,"2/24/2019 6 a.m. EST",378846,41787,22,24387,7448,2760,117383,86660,96433
US48,"2/24/2019 7 a.m. EST",386873,40494,46,25658,7418,2856,121316,90547,96448
US48,"2/24/2019 8 a.m. EST",400877,38750,278,28772,7515,2967,127864,95943,96586
US48,"2/24/2019 9 a.m. EST",418100,37690,1060,31373,7686,3068,135642,102877,96544
US48,"2/24/2019 10 a.m. EST",429896,34900,4454,33819,7733,3167,140123,107114,96543
US48,"2/24/2019 11 a.m. EST",433698,34218,11954,33557,7751,3231,137005,107679,96520
US48,"2/24/2019 12 p.m. EST",435284,34631,16861,32370,7740,3142,134564,107746,96620
US48,"2/24/2019 1 p.m. EST",431237,34662,18723,30835,7790,3157,132550,105281,96684
US48,"2/24/2019 2 p.m. EST",426022,33945,19366,30006,7782,3071,129880,103531,96716
US48,"2/24/2019 3 p.m. EST",417626,34724,19468,29446,7660,3040,125721,99185,96724
US48,"2/24/2019 4 p.m. EST",416014,37389,18776,28981,7699,3035,125618,96290,96689
US48,"2/24/2019 5 p.m. EST",417999,39288,17027,29598,7798,2981,127218,95824,96707
US48,"2/24/2019 6 p.m. EST",428178,40619,13683,32199,7977,3210,132348,99713,96775
US48,"2/24/2019 7 p.m. EST",441664,42450,10318,35387,7077,4394,137616,105933,96740
US48,"2/24/2019 8 p.m. EST",454459,43476,2953,38032,8119,3781,146128,113401,96747
US48,"2/24/2019 9 p.m. EST",460276,46963,366,39378,8100,4010,147128,115718,96777
US48,"2/24/2019 10 p.m. EST",453836,50024,247,39768,7939,3933,141694,111706,96805
US48,"2/24/2019 11 p.m. EST",440819,50462,248,38005,7815,3788,134407,107605,96840
US48,"2/25/2019 12 a.m. EST",424076,50029,117,34200,7609,3685,127396,102486,96802
US48,"2/25/2019 1 a.m. EST",415017,50266,117,30687,7511,3345,124011,101809,95531
US48,"2/25/2019 2 a.m. EST",405336,49769,119,27155,7343,3297,120971,99719,95191
US48,"2/25/2019 3 a.m. EST",402651,48570,115,25158,7290,3451,121326,99878,95171
US48,"2/25/2019 4 a.m. EST",403294,46976,69,24428,7325,3550,122759,101419,95295
US48,"2/25/2019 5 a.m. EST",411669,45391,24,24683,7454,3746,128747,104794,95338
US48,"2/25/2019 6 a.m. EST",434644,45101,21,28651,7804,4204,141599,109938,95724
US48,"2/25/2019 7 a.m. EST",465347,45322,172,36242,7907,4793,158986,114511,95907
US48,"2/25/2019 8 a.m. EST",488168,43759,1420,40449,7908,5430,172381,119465,95916
US48,"2/25/2019 9 a.m. EST",494850,42664,3831,41357,8267,5923,174682,121344,95932
US48,"2/25/2019 10 a.m. EST",493405,39525,7456,42194,8002,5940,173069,120463,95799
US48,"2/25/2019 11 a.m. EST",486195,38279,14940,38106,7967,5796,165347,119355,95877
US48,"2/25/2019 12 p.m. EST",475155,39546,18973,35563,7910,4928,155036,116261,96016
US48,"2/25/2019 1 p.m. EST",466868,40324,20211,33284,7758,4599,150200,113250,95990
US48,"2/25/2019 2 p.m. EST",459446,40038,20300,31232,7707,4561,146780,111595,96044
US48,"2/25/2019 3 p.m. EST",453679,39883,19927,30666,7597,4442,144911,108980,96045
US48,"2/25/2019 4 p.m. EST",450765,39288,18984,30035,6679,5061,144834,108484,96104
US48,"2/25/2019 5 p.m. EST",452564,39300,16830,32771,6741,4994,146018,108510,96178
US48,"2/25/2019 6 p.m. EST",462733,39641,13650,38250,6968,5049,151158,110585,96182
US48,"2/25/2019 7 p.m. EST",476982,38681,9538,43070,7115,5190,160659,115319,96225
US48,"2/25/2019 8 p.m. EST",490060,38111,2895,45585,8305,4486,172016,121231,96178
US48,"2/25/2019 9 p.m. EST",492020,39998,189,45770,8099,4384,173038,123004,96201
US48,"2/25/2019 10 p.m. EST",483228,41469,161,43985,7943,4140,167693,120667,96021
US48,"2/25/2019 11 p.m. EST",465588,42900,156,40824,7810,3645,155925,116938,96155
US48,"2/26/2019 12 a.m. EST",440107,47923,134,38080,7733,3234,139691,105071,97163
US48,"2/26/2019 1 a.m. EST",430029,42074,133,33756,7771,3218,138608,107028,96302
US48,"2/26/2019 2 a.m. EST",417705,40885,137,30088,7685,3084,133770,104823,96209
US48,"2/26/2019 3 a.m. EST",412582,39626,138,28319,7559,2875,132267,104490,96214
US48,"2/26/2019 4 a.m. EST",409620,38162,132,25607,7537,2817,132327,105749,96167
US48,"2/26/2019 5 a.m. EST",416350,36874,57,26183,7630,3041,136892,108143,96337
US48,"2/26/2019 6 a.m. EST",434493,35813,25,30707,7722,3117,147615,111717,96527
US48,"2/26/2019 7 a.m. EST",464638,33775,142,37462,6734,4478,166680,117580,96540
US48,"2/26/2019 8 a.m. EST",484115,31621,1158,41570,6855,5140,177251,122543,96511
US48,"2/26/2019 9 a.m. EST",486981,30842,2669,42919,6950,5442,176475,123614,96509
US48,"2/26/2019 10 a.m. EST",483152,29386,6696,42327,6752,5294,170070,124404,96590
US48,"2/26/2019 11 a.m. EST",476898,26818,13788,39447,6728,4892,163629,123245,96639
US48,"2/26/2019 12 p.m. EST",468220,23872,17019,36292,6729,4606,158577,122742,96686
US48,"2/26/2019 1 p.m. EST",457740,21498,17862,33670,7406,3403,154128,121553,96644
US48,"2/26/2019 2 p.m. EST",454098,19649,17635,32276,7431,3287,154197,121680,96682
US48,"2/26/2019 3 p.m. EST",449524,19648,15111,30777,7394,3265,154418,120953,96666
US48,"2/26/2019 4 p.m. EST",447014,20827,13163,30772,7333,3256,153028,120651,96689
US48,"2/26/2019 5 p.m. EST",449739,21204,10376,32837,6601,4261,156290,119976,96696
US48,"2/26/2019 6 p.m. EST",460397,21374,7147,36694,6815,4419,162998,122709,96730
US48,"2/26/2019 7 p.m. EST",473637,21578,3763,39253,6838,4588,172165,127044,96791
US48,"2/26/2019 8 p.m. EST",483235,21591,1013,43030,6980,4936,177547,129654,96732
US48,"2/26/2019 9 p.m. EST",483996,23609,148,43717,8054,4323,178078,127530,96762
US48,"2/26/2019 10 p.m. EST",474096,25064,122,42367,7876,4359,171231,124778,96750
US48,"2/26/2019 11 p.m. EST",455267,25306,103,39681,7825,3776,159471,120684,96705
US48,"2/27/2019 12 a.m. EST",435545,25561,100,35492,7773,3185,146962,118180,96747
US48,"2/27/2019 1 a.m. EST",418087,27636,27,32524,7394,2722,137209,112235,96795
US48,"2/27/2019 2 a.m. EST",404607,28777,23,28230,7313,2639,131464,108314,96693
US48,"2/27/2019 3 a.m. EST",397843,29302,20,25686,7278,2639,128856,106151,96912
US48,"2/27/2019 4 a.m. EST",394934,29449,18,24972,7261,2632,128013,104910,96929
US48,"2/27/2019 5 a.m. EST",400756,29414,42,25491,7438,2533,132418,105744,96934
US48,"2/27/2019 6 a.m. EST",417175,29416,46,30264,7671,2426,140278,109238,96976
US48,"2/27/2019 7 a.m. EST",444042,28065,95,36684,7791,2569,153400,117291,96999
US48,"2/27/2019 8 a.m. EST",462769,27831,622,41099,8055,2815,160829,123803,96899
US48,"2/27/2019 9 a.m. EST",469697,27633,1740,40307,8157,2918,164782,126365,96906
US48,"2/27/2019 10 a.m. EST",474501,27037,4318,42765,7987,3078,165505,126075,96815
US48,"2/27/2019 11 a.m. EST",473340,27039,9427,40981,8097,3115,161643,125336,96806
US48,"2/27/2019 12 p.m. EST",469195,27717,12035,45333,7437,3809,157851,123123,96725
US48,"2/27/2019 1 p.m. EST",465281,28772,14633,36476,8317,2562,157276,119245,96731
US48,"2/27/2019 2 p.m. EST",462251,30881,13985,34707,7101,3385,156191,117906,96766
US48,"2/27/2019 3 p.m. EST",461105,30675,13896,34676,7356,3447,155437,117561,96743
US48,"2/27/2019 4 p.m. EST",460295,30924,13171,34033,7287,3553,154794,118447,96793
US48,"2/27/2019 5 p.m. EST",461772,30488,10962,34866,7350,3709,158489,117896,96820
US48,"2/27/2019 6 p.m. EST",471660,29485,9461,38211,7462,3926,164466,120704,96830
US48,"2/27/2019 7 p.m. EST",481194,27845,7650,41247,7471,4187,170712,124075,96840
US48,"2/27/2019 8 p.m. EST",488662,26799,2588,44098,7598,4515,177998,126989,96881
US48,"2/27/2019 9 p.m. EST",488326,26698,1402,44862,7661,4589,178981,127494,96881
US48,"2/27/2019 10 p.m. EST",477577,25081,165,43416,7545,4287,173335,125747,96841
US48,"2/27/2019 11 p.m. EST",460220,23683,162,40277,7159,4139,164174,122499,96886
US48,"2/28/2019 12 a.m. EST",442068,23438,149,36101,7941,2782,154550,118595,97242
US48,"2/28/2019 1 a.m. EST",422466,22749,149,32677,7852,2654,142402,115714,97174
US48,"2/28/2019 2 a.m. EST",409280,18586,165,27625,7796,2665,128420,96145,95150
US48,"2/28/2019 3 a.m. EST",399009,17729,106,24989,7757,2748,125562,94823,95298
US48,"2/28/2019 4 a.m. EST",398163,16345,72,24559,7568,2811,125727,96071,95420
US48,"2/28/2019 5 a.m. EST",401224,14381,59,24054,7502,2921,129291,97080,95557
US48,"2/28/2019 6 a.m. EST",419555,12421,39,28435,8201,3060,139611,100781,95880
US48,"2/28/2019 7 a.m. EST",445610,11013,101,35942,7557,4669,151691,106041,95917
US48,"2/28/2019 8 a.m. EST",467392,10906,851,41482,7857,5213,160880,109762,95970
US48,"2/28/2019 9 a.m. EST",476442,10785,2119,41665,7880,5134,166989,110489,95905
US48,"2/28/2019 10 a.m. EST",479114,9913,5481,42759,8720,4215,165666,110635,95851
US48,"2/28/2019 11 a.m. EST",477911,8969,11963,40727,7387,5009,163609,108616,95911
US48,"2/28/2019 12 p.m. EST",474809,8483,15814,37937,8328,4169,159982,108486,95867
US48,"2/28/2019 1 p.m. EST",471521,8535,18186,35830,8260,3955,157921,107533,95962
US48,"2/28/2019 2 p.m. EST",466011,8891,17072,33245,8615,3624,156697,107217,95967
US48,"2/28/2019 3 p.m. EST",463218,9622,16788,32201,9091,3471,155906,105918,95968
US48,"2/28/2019 4 p.m. EST",460890,10356,14877,31692,8970,3597,155007,106335,95989
US48,"2/28/2019 5 p.m. EST",464927,11559,13305,32524,8998,3835,158423,106459,95971
US48,"2/28/2019 6 p.m. EST",473567,11879,11315,37502,9241,3998,162025,107190,96010
US48,"2/28/2019 7 p.m. EST",483508,12708,8924,40313,9565,4074,167586,109419,95981
US48,"2/28/2019 8 p.m. EST",491808,13091,2768,43057,9704,4500,175349,111081,95953
US48,"2/28/2019 9 p.m. EST",492921,14077,1343,42733,9141,4629,177666,112114,95930
US48,"2/28/2019 10 p.m. EST",481815,15340,191,40706,8957,4386,170115,109901,95933
US48,"2/28/2019 11 p.m. EST",465184,16328,197,37152,8585,3729,159749,107677,96060
US48,"3/1/2019 12 a.m. EST",442443,16943,193,34324,8054,3331,145730,103976,95931
